url,readings,book_title,book_author,text_status,canonical_status,unconfirmed_titles,verified_titles
https://www.gutenberg.org/ebooks/10,14,The King James Version of the Bible,,200,200,1 Corinthians 13; Ecclesiastes 3 (To every thing there is a season); Isaiah 40 (Comfort ye); Job 38 (Where wast thou); Psalm 139; Psalm 23; Psalm 90,The Song of Songs (Chapter 2)
https://www.gutenberg.org/ebooks/100,24,The Complete Works of William Shakespeare,William Shakespeare,200,200,"Song: Blow, blow, thou winter wind; Song: Fear no more the heat o' the sun; Song: Full fathom five; Song: It was a lover and his lass; Song: O mistress mine; Song: Under the greenwood tree; Song: Where the bee sucks; Song: Who is Silvia?","All the world's a stage (As You Like It); Our revels now are ended (The Tempest); Song: Hark, hark! the lark; Song: Take, O take those lips away; The Quality of Mercy (from Merchant of Venice); To be, or not to be (Hamlet soliloquy as poem); Tomorrow, and tomorrow (Macbeth)"
https://www.gutenberg.org/ebooks/1001,7,"Divine Comedy, Longfellow's Translation, Hell",Dante Alighieri,200,200,Dante's Inferno — Canto I (tr. Longfellow); Dante's Inferno — Canto III (tr. Longfellow); Dante's Inferno — Canto V (tr. Longfellow),The Divine Comedy — Inferno XXVI (Ulysses)
https://www.gutenberg.org/ebooks/1004,2,"Divine Comedy, Longfellow's Translation, Complete",Dante Alighieri,200,200,Dante's Purgatorio — Canto I (tr. Longfellow),
https://www.gutenberg.org/ebooks/1007,2,"Divine Comedy, Cary's Translation, Paradise",Dante Alighieri,200,200,Dante's Paradiso — Canto I (tr. Longfellow),
https://www.gutenberg.org/ebooks/1008,1,"Divine Comedy, Cary's Translation, Complete",Dante Alighieri,200,200,History of the Conquest of Peru — Book I opening,
https://www.gutenberg.org/ebooks/1009,1,La Divina Commedia di Dante: Inferno,Dante Alighieri,200,200,History of the Conquest of Mexico — Book I opening,
https://www.gutenberg.org/ebooks/1015,3,The Oregon Trail: Sketches of Prairie and Rocky-Mountain Life,Francis Parkman,200,200,,The Oregon Trail — Chapter I; The Oregon Trail — The Buffalo Hunt
https://www.gutenberg.org/ebooks/1022,5,Walking,Henry David Thoreau,200,200,Autumnal Tints; Night and Moonlight; The Succession of Forest Trees; Walking; Wild Apples,
https://www.gutenberg.org/ebooks/10345,27,Domestic Manners of the Americans,Frances Milton Trollope,200,200,"A Dissertation upon Roast Pig; Christ's Hospital Five and Thirty Years Ago; Dream Children companion: Distant Correspondents; Dream-Children: A Reverie; Grace Before Meat; Imperfect Sympathies; Mackery End, in Hertfordshire; Modern Gallantry; Mrs. Battle's Opinions on Whist; My First Play; My Relations; New Year's Eve; Old China; The Old and the New Schoolmaster; The Praise of Chimney-Sweepers; The South-Sea House; The Superannuated Man; The Two Races of Men; Valentine's Day; Witches, and Other Night-Fears",
https://www.gutenberg.org/ebooks/104,2,Inaugural Address of Franklin Delano Roosevelt,Franklin D. Roosevelt,200,200,The Celebrated Jumping Frog of Calaveras County,
https://www.gutenberg.org/ebooks/1041,245,Shakespeare's Sonnets,William Shakespeare,200,200,,Sonnet 1; Sonnet 10; Sonnet 100; Sonnet 101; Sonnet 102; Sonnet 103; Sonnet 104; Sonnet 105; Sonnet 106; Sonnet 107; Sonnet 108; Sonnet 109; Sonnet 11; Sonnet 110; Sonnet 111; Sonnet 112; Sonnet 113; Sonnet 114; Sonnet 115; Sonnet 116; Sonnet 117; Sonnet 118; Sonnet 119; Sonnet 12; Sonnet 120; Sonnet 121; Sonnet 122; Sonnet 123; Sonnet 124; Sonnet 125; Sonnet 126; Sonnet 127; Sonnet 128; Sonnet 129; Sonnet 13; Sonnet 130; Sonnet 131; Sonnet 132; Sonnet 133; Sonnet 134; Sonnet 135; Sonnet 136; Sonnet 137; Sonnet 138; Sonnet 139; Sonnet 14; Sonnet 140; Sonnet 141; Sonnet 142; Sonnet 143; Sonnet 144; Sonnet 145; Sonnet 146; Sonnet 147; Sonnet 148; Sonnet 149; Sonnet 15; Sonnet 150; Sonnet 151; Sonnet 152; Sonnet 153; Sonnet 154; Sonnet 16; Sonnet 17; Sonnet 18; Sonnet 19; Sonnet 2; Sonnet 20; Sonnet 21; Sonnet 22; Sonnet 23; Sonnet 24; Sonnet 25; Sonnet 26; Sonnet 27; Sonnet 28; Sonnet 29; Sonnet 3; Sonnet 30; Sonnet 31; Sonnet 32; Sonnet 33; Sonnet 34; Sonnet 35; Sonnet 36; Sonnet 37; Sonnet 38; Sonnet 39; Sonnet 4; Sonnet 40; Sonnet 41; Sonnet 42; Sonnet 43; Sonnet 44; Sonnet 45; Sonnet 46; Sonnet 47; Sonnet 48; Sonnet 49; Sonnet 5; Sonnet 50; Sonnet 51; Sonnet 52; Sonnet 53; Sonnet 54; Sonnet 55; Sonnet 56; Sonnet 57; Sonnet 58; Sonnet 59; Sonnet 6; Sonnet 60; Sonnet 61; Sonnet 62; Sonnet 63; Sonnet 64; Sonnet 65; Sonnet 66; Sonnet 67; Sonnet 68; Sonnet 69; Sonnet 7; Sonnet 70; Sonnet 71; Sonnet 72; Sonnet 73; Sonnet 74; Sonnet 75; Sonnet 76; Sonnet 77; Sonnet 78; Sonnet 79; Sonnet 8; Sonnet 80; Sonnet 81; Sonnet 82; Sonnet 83; Sonnet 84; Sonnet 85; Sonnet 86; Sonnet 87; Sonnet 88; Sonnet 89; Sonnet 9; Sonnet 90; Sonnet 91; Sonnet 92; Sonnet 93; Sonnet 94; Sonnet 95; Sonnet 96; Sonnet 97; Sonnet 98; Sonnet 99
https://www.gutenberg.org/ebooks/1045,5,Venus and Adonis,William Shakespeare,200,200,A Lover's Complaint (excerpt); The Phoenix and the Turtle,Venus and Adonis (excerpt)
https://www.gutenberg.org/ebooks/1058,2,The Mirror of the Sea,Joseph Conrad,200,200,The Bridge of Sighs,
https://www.gutenberg.org/ebooks/10615,3,"An Essay Concerning Humane Understanding, Volume 1",John Locke,200,200,An Essay Concerning Human Understanding — Book I opening; An Essay Concerning Human Understanding — Of Ideas,
https://www.gutenberg.org/ebooks/10657,2,"""De Bello Gallico"" and Other Commentaries",Julius Caesar,200,200,,Commentaries on the Gallic War — Book I; Commentaries on the Gallic War — Book IV (Britain)
https://www.gutenberg.org/ebooks/10661,1,A Selection from the Discourses of Epictetus with the Encheiridion,Epictetus,200,200,,"Epictetus — Discourses, Book I (selected)"
https://www.gutenberg.org/ebooks/10708,2,Miscellaneous Essays,Thomas De Quincey,200,200,,On the Knocking at the Gate in Macbeth
https://www.gutenberg.org/ebooks/108,5,The Return of Sherlock Holmes,Arthur Conan Doyle,200,200,,The Dancing Men; The Empty House; The Six Napoleons
https://www.gutenberg.org/ebooks/10827,1,Discourses on the First Decade of Titus Livius,Niccolò Machiavelli,200,200,Discourses on Livy — Book I Chapter 1–4,
https://www.gutenberg.org/ebooks/10834,113,The History of Insects,Unknown,200,200,The Rambler — No. 1; The Rambler — No. 100; The Rambler — No. 101; The Rambler — No. 102; The Rambler — No. 103; The Rambler — No. 104; The Rambler — No. 105; The Rambler — No. 13; The Rambler — No. 14; The Rambler — No. 16; The Rambler — No. 17; The Rambler — No. 18; The Rambler — No. 19; The Rambler — No. 2; The Rambler — No. 20; The Rambler — No. 21; The Rambler — No. 22; The Rambler — No. 23; The Rambler — No. 24; The Rambler — No. 25; The Rambler — No. 28; The Rambler — No. 29; The Rambler — No. 30; The Rambler — No. 31; The Rambler — No. 32; The Rambler — No. 33; The Rambler — No. 34; The Rambler — No. 36; The Rambler — No. 39; The Rambler — No. 4; The Rambler — No. 41; The Rambler — No. 42; The Rambler — No. 43; The Rambler — No. 44; The Rambler — No. 45; The Rambler — No. 47; The Rambler — No. 48; The Rambler — No. 49; The Rambler — No. 5; The Rambler — No. 50; The Rambler — No. 51; The Rambler — No. 54; The Rambler — No. 55; The Rambler — No. 56; The Rambler — No. 57; The Rambler — No. 58; The Rambler — No. 59; The Rambler — No. 6; The Rambler — No. 60; The Rambler — No. 63; The Rambler — No. 64; The Rambler — No. 65; The Rambler — No. 66; The Rambler — No. 67; The Rambler — No. 68; The Rambler — No. 69; The Rambler — No. 7; The Rambler — No. 70; The Rambler — No. 71; The Rambler — No. 72; The Rambler — No. 74; The Rambler — No. 75; The Rambler — No. 76; The Rambler — No. 77; The Rambler — No. 78; The Rambler — No. 8; The Rambler — No. 80; The Rambler — No. 81; The Rambler — No. 83; The Rambler — No. 85; The Rambler — No. 86; The Rambler — No. 87; The Rambler — No. 88; The Rambler — No. 89; The Rambler — No. 9; The Rambler — No. 91; The Rambler — No. 92; The Rambler — No. 93; The Rambler — No. 94; The Rambler — No. 95; The Rambler — No. 96; The Rambler — No. 97; The Rambler — No. 98,
https://www.gutenberg.org/ebooks/11101,1,Coleridge's Ancient Mariner and Select Poems,Samuel Taylor Coleridge,200,200,,Christabel (Part I)
https://www.gutenberg.org/ebooks/11224,8,Utilitarianism,John Stuart Mill,200,200,,Utilitarianism — Chapter I; Utilitarianism — Chapter II; Utilitarianism — Chapter III; Utilitarianism — Chapter IV; Utilitarianism — Chapter V
https://www.gutenberg.org/ebooks/11231,2,"Bartleby, the Scrivener: A Story of Wall-Street",Herman Melville,200,200,,"Bartleby, the Scrivener"
https://www.gutenberg.org/ebooks/113,1,The Secret Garden,Frances Hodgson Burnett,200,200,,The Secret Garden — opening as tale
https://www.gutenberg.org/ebooks/11438,8,The Willows,Algernon Blackwood,200,200,Ancient Sorceries; The Empty House; The Wendigo,The Willows
https://www.gutenberg.org/ebooks/11505,14,All Things Considered,G. K. Chesterton,200,200,A Piece of Chalk; Cheese; On Lying in Bed; The Advantages of Having One Leg; The Diabolist; The Little Birds Who Won't Sing; The Perfect Game; The Twelve Men; What I Found in My Pocket,On Running After One's Hat; The Fallacy of Success
https://www.gutenberg.org/ebooks/1170,3,Anabasis,Xenophon,200,200,Anabasis — Book IV (The Sea! The Sea!); The Persian Expedition reflections — Xenophon Memorabilia excerpt,
https://www.gutenberg.org/ebooks/11870,14,"The Country of the Blind, and Other Stories",H. G. Wells,200,200,,Aepyornis Island; The Country of the Blind; The Crystal Egg; The Door in the Wall; The Man Who Could Work Miracles; The Remarkable Case of Davidson's Eyes; The Star; The Stolen Bacillus
https://www.gutenberg.org/ebooks/12030,133,"The Spectator, Volumes 1, 2 and 3",Joseph Addison,200,200,,The Spectator — No. 1; The Spectator — No. 10; The Spectator — No. 106; The Spectator — No. 108; The Spectator — No. 11; The Spectator — No. 110; The Spectator — No. 112; The Spectator — No. 117; The Spectator — No. 119; The Spectator — No. 12; The Spectator — No. 122; The Spectator — No. 125; The Spectator — No. 130; The Spectator — No. 131; The Spectator — No. 132; The Spectator — No. 135; The Spectator — No. 14; The Spectator — No. 15; The Spectator — No. 159; The Spectator — No. 16; The Spectator — No. 160; The Spectator — No. 162; The Spectator — No. 163; The Spectator — No. 165; The Spectator — No. 166; The Spectator — No. 169; The Spectator — No. 17; The Spectator — No. 170; The Spectator — No. 171; The Spectator — No. 172; The Spectator — No. 173; The Spectator — No. 174; The Spectator — No. 175; The Spectator — No. 176; The Spectator — No. 177; The Spectator — No. 178; The Spectator — No. 18; The Spectator — No. 181; The Spectator — No. 183; The Spectator — No. 184; The Spectator — No. 185; The Spectator — No. 186; The Spectator — No. 187; The Spectator — No. 188; The Spectator — No. 189; The Spectator — No. 19; The Spectator — No. 190; The Spectator — No. 191; The Spectator — No. 195; The Spectator — No. 196; The Spectator — No. 197; The Spectator — No. 198; The Spectator — No. 199; The Spectator — No. 2; The Spectator — No. 200; The Spectator — No. 201; The Spectator — No. 202; The Spectator — No. 203; The Spectator — No. 204; The Spectator — No. 205; The Spectator — No. 206; The Spectator — No. 207; The Spectator — No. 208; The Spectator — No. 21; The Spectator — No. 210; The Spectator — No. 211; The Spectator — No. 212; The Spectator — No. 213; The Spectator — No. 214; The Spectator — No. 215; The Spectator — No. 216; The Spectator — No. 217; The Spectator — No. 218; The Spectator — No. 219; The Spectator — No. 220; The Spectator — No. 221; The Spectator — No. 26; The Spectator — No. 3; The Spectator — No. 34; The Spectator — No. 37; The Spectator — No. 39; The Spectator — No. 4; The Spectator — No. 44; The Spectator — No. 47; The Spectator — No. 5; The Spectator — No. 50; The Spectator — No. 55; The Spectator — No. 58; The Spectator — No. 6; The Spectator — No. 62; The Spectator — No. 69; The Spectator — No. 70; The Spectator — No. 8; The Spectator — No. 81; The Spectator — No. 9; The Spectator — No. 94
https://www.gutenberg.org/ebooks/12045,1,"Women in the fine arts, from the Seventh Century B.C. to the Twentieth Century A.D.",Clara Erskine Clement Waters,200,200,The Tatler — Selected: Isaac Bickerstaff papers,
https://www.gutenberg.org/ebooks/12122,2,The Monkey's Paw,W. W. Jacobs,200,200,,The Monkey's Paw
https://www.gutenberg.org/ebooks/1220,1,The Atheist's Mass,Honoré de Balzac,200,200,Mac Flecknoe (excerpt),
https://www.gutenberg.org/ebooks/1222,2,Cobb's Anatomy,Irvin S. Cobb,200,200,An Essay of Dramatic Poesy (selected),
https://www.gutenberg.org/ebooks/12242,130,"Poems by Emily Dickinson, Three Series, Complete",Emily Dickinson,200,200,,Emily Dickinson — Poem selection #1; Emily Dickinson — Poem selection #10; Emily Dickinson — Poem selection #11; Emily Dickinson — Poem selection #12; Emily Dickinson — Poem selection #13; Emily Dickinson — Poem selection #14; Emily Dickinson — Poem selection #15; Emily Dickinson — Poem selection #16; Emily Dickinson — Poem selection #17; Emily Dickinson — Poem selection #18; Emily Dickinson — Poem selection #19; Emily Dickinson — Poem selection #2; Emily Dickinson — Poem selection #20; Emily Dickinson — Poem selection #21; Emily Dickinson — Poem selection #22; Emily Dickinson — Poem selection #23; Emily Dickinson — Poem selection #24; Emily Dickinson — Poem selection #25; Emily Dickinson — Poem selection #26; Emily Dickinson — Poem selection #27; Emily Dickinson — Poem selection #28; Emily Dickinson — Poem selection #29; Emily Dickinson — Poem selection #3; Emily Dickinson — Poem selection #30; Emily Dickinson — Poem selection #31; Emily Dickinson — Poem selection #32; Emily Dickinson — Poem selection #33; Emily Dickinson — Poem selection #34; Emily Dickinson — Poem selection #35; Emily Dickinson — Poem selection #36; Emily Dickinson — Poem selection #37; Emily Dickinson — Poem selection #38; Emily Dickinson — Poem selection #39; Emily Dickinson — Poem selection #4; Emily Dickinson — Poem selection #40; Emily Dickinson — Poem selection #41; Emily Dickinson — Poem selection #42; Emily Dickinson — Poem selection #43; Emily Dickinson — Poem selection #44; Emily Dickinson — Poem selection #45; Emily Dickinson — Poem selection #46; Emily Dickinson — Poem selection #47; Emily Dickinson — Poem selection #48; Emily Dickinson — Poem selection #49; Emily Dickinson — Poem selection #5; Emily Dickinson — Poem selection #50; Emily Dickinson — Poem selection #51; Emily Dickinson — Poem selection #52; Emily Dickinson — Poem selection #53; Emily Dickinson — Poem selection #54; Emily Dickinson — Poem selection #55; Emily Dickinson — Poem selection #56; Emily Dickinson — Poem selection #57; Emily Dickinson — Poem selection #58; Emily Dickinson — Poem selection #59; Emily Dickinson — Poem selection #6; Emily Dickinson — Poem selection #60; Emily Dickinson — Poem selection #61; Emily Dickinson — Poem selection #62; Emily Dickinson — Poem selection #63; Emily Dickinson — Poem selection #64; Emily Dickinson — Poem selection #65; Emily Dickinson — Poem selection #66; Emily Dickinson — Poem selection #67; Emily Dickinson — Poem selection #68; Emily Dickinson — Poem selection #69; Emily Dickinson — Poem selection #7; Emily Dickinson — Poem selection #70; Emily Dickinson — Poem selection #71; Emily Dickinson — Poem selection #72; Emily Dickinson — Poem selection #73; Emily Dickinson — Poem selection #74; Emily Dickinson — Poem selection #75; Emily Dickinson — Poem selection #76; Emily Dickinson — Poem selection #77; Emily Dickinson — Poem selection #78; Emily Dickinson — Poem selection #79; Emily Dickinson — Poem selection #8; Emily Dickinson — Poem selection #80; Emily Dickinson — Poem selection #9
https://www.gutenberg.org/ebooks/1228,3,On the Origin of Species By Means of Natural Selection,Charles Darwin,200,200,,On the Origin of Species — Introduction; On the Origin of Species — Struggle for Existence; On the Origin of Species — Variation under Domestication
https://www.gutenberg.org/ebooks/123,2,At the Earth's Core,Edgar Rice Burroughs,200,200,Two Years Before the Mast — Cape Horn,Two Years Before the Mast — Chapter I
https://www.gutenberg.org/ebooks/1232,5,The Prince,Niccolò Machiavelli,200,200,,The Prince — Chapters I–III; The Prince — Chapters XV–XVIII; The Prince — Chapters XXV–XXVI
https://www.gutenberg.org/ebooks/12383,1,The Poetical Works of William Wordsworth — Volume 3 (of 8),William Wordsworth,200,200,,The Prelude — Book I (excerpt)
https://www.gutenberg.org/ebooks/12410,1,The Travels of Marco Polo — Volume 2,Marco Polo,200,200,"Travels — Marco Polo, Prologue & Book I opening",
https://www.gutenberg.org/ebooks/1270,1,In Defense of Women,H. L. Mencken,200,200,,In Defense of Women — Introduction
https://www.gutenberg.org/ebooks/1279,3,Poems and Songs of Robert Burns,Robert Burns,200,200,,Tam o' Shanter (excerpt); The Cotter's Saturday Night (excerpt)
https://www.gutenberg.org/ebooks/1293,2,Sesame and Lilies,John Ruskin,200,200,,Sesame and Lilies — Of Kings' Treasuries
https://www.gutenberg.org/ebooks/13,2,The Hunting of the Snark: An Agony in Eight Fits,Lewis Carroll,200,200,,The Hunting of the Snark (Fit the First)
https://www.gutenberg.org/ebooks/131,6,The Pilgrim's Progress from this world to that which is to come,John Bunyan,200,200,Tennessee's Partner; The Luck of Roaring Camp; The Outcasts of Poker Flat,Pilgrim's Progress — Part I opening as essay-narrative
https://www.gutenberg.org/ebooks/1322,63,Leaves of Grass,Walt Whitman,200,200,,Leaves of Grass — Selection 1; Leaves of Grass — Selection 10; Leaves of Grass — Selection 11; Leaves of Grass — Selection 12; Leaves of Grass — Selection 13; Leaves of Grass — Selection 14; Leaves of Grass — Selection 15; Leaves of Grass — Selection 16; Leaves of Grass — Selection 17; Leaves of Grass — Selection 18; Leaves of Grass — Selection 19; Leaves of Grass — Selection 2; Leaves of Grass — Selection 20; Leaves of Grass — Selection 21; Leaves of Grass — Selection 22; Leaves of Grass — Selection 23; Leaves of Grass — Selection 24; Leaves of Grass — Selection 25; Leaves of Grass — Selection 26; Leaves of Grass — Selection 27; Leaves of Grass — Selection 28; Leaves of Grass — Selection 29; Leaves of Grass — Selection 3; Leaves of Grass — Selection 30; Leaves of Grass — Selection 31; Leaves of Grass — Selection 32; Leaves of Grass — Selection 33; Leaves of Grass — Selection 34; Leaves of Grass — Selection 35; Leaves of Grass — Selection 36; Leaves of Grass — Selection 37; Leaves of Grass — Selection 38; Leaves of Grass — Selection 39; Leaves of Grass — Selection 4; Leaves of Grass — Selection 40; Leaves of Grass — Selection 5; Leaves of Grass — Selection 6; Leaves of Grass — Selection 7; Leaves of Grass — Selection 8; Leaves of Grass — Selection 9
https://www.gutenberg.org/ebooks/1337,2,Shelley,Sydney Waterlow,200,200,The Bard (Gray),
https://www.gutenberg.org/ebooks/1399,9,Anna Karenina,graf Leo Tolstoy,200,200,"Hugo — Demain, dès l'aube (tr.); Lamartine — The Lake (tr.); Rimbaud — The Drunken Boat (tr., excerpt); Ronsard — Ode to Cassandra (tr.); Verlaine — Clair de Lune (tr.); Villon — Ballade of Dead Ladies (tr. Rossetti)",
https://www.gutenberg.org/ebooks/1400,3,Great Expectations,Charles Dickens,200,200,Franklin — The Way to Wealth; Poor Richard's Almanack — Selected Maxims,
https://www.gutenberg.org/ebooks/14020,4,The Works of Horace,Horace,200,200,Horace — Ode I.11 (Carpe Diem); Horace — Ode I.37 (Cleopatra),
https://www.gutenberg.org/ebooks/1404,9,The Federalist Papers,Alexander Hamilton,200,200,The Federalist No. 1; The Federalist No. 10; The Federalist No. 39; The Federalist No. 51; The Federalist No. 78; The Federalist No. 84,
https://www.gutenberg.org/ebooks/1408,5,The Natural History of Selborne,Gilbert White,200,200,,The Natural History of Selborne — Letter I–V; The Natural History of Selborne — On the House Swallow; The Natural History of Selborne — On the Nightjar
https://www.gutenberg.org/ebooks/1429,15,"The Garden Party, and Other Stories",Katherine Mansfield,200,200,Bliss; How Pearl Button Was Kidnapped; Prelude; The Doll's House,Miss Brill; The Daughters of the Late Colonel; The Garden Party
https://www.gutenberg.org/ebooks/14426,1,London to Ladysmith via Pretoria,Winston Churchill,200,200,,London to Ladysmith via Pretoria — Chapter I
https://www.gutenberg.org/ebooks/14522,2,The Canterville Ghost,Oscar Wilde,200,200,,The Canterville Ghost
https://www.gutenberg.org/ebooks/14568,3,Sir Gawayne and the Green Knight,,200,200,"Pearl (Middle English poem, opening, tr.); Sir Gawain and the Green Knight — Opening (tr.)",
https://www.gutenberg.org/ebooks/146,2,A Little Princess,Frances Hodgson Burnett,200,200,,A Little Princess — Sara Crewe (short)
https://www.gutenberg.org/ebooks/1467,7,Some Christmas Stories,Charles Dickens,200,200,The Signal-Man; The Trial for Murder; To Be Taken with a Grain of Salt,
https://www.gutenberg.org/ebooks/147,3,Common Sense,Thomas Paine,200,200,,Common Sense — Introduction & Of the Origin of Government; Common Sense — Of Monarchy and Hereditary Succession
https://www.gutenberg.org/ebooks/1477,21,"The Toys of Peace, and Other Papers",Saki,200,200,Gabriel-Ernest; Laura; Mrs. Packletide's Tiger; Sredni Vashtar; The Music on the Hill; The Schartz-Metterklume Method; The Storyteller; Tobermory,The Interlopers; The Open Window
https://www.gutenberg.org/ebooks/1497,2,The Republic,Plato,200,200,,The Republic — Book I (selected); The Republic — Book VII (Allegory of the Cave)
https://www.gutenberg.org/ebooks/15043,1,"The Works of the Right Honourable Edmund Burke, Vol. 01 (of 12)",Edmund Burke,200,200,On Conciliation with America (selected),
https://www.gutenberg.org/ebooks/15272,1,"Spenser's The Faerie Queene, Book I",Edmund Spenser,200,200,,"The Faerie Queene — Book I, Canto I (opening)"
https://www.gutenberg.org/ebooks/15679,2,"The Works of the Right Honourable Edmund Burke, Vol. 03 (of 12)",Edmund Burke,200,200,A Letter to a Member of the National Assembly (selected),
https://www.gutenberg.org/ebooks/15877,6,Thoughts of Marcus Aurelius Antoninus,Emperor of Rome Marcus Aurelius,200,200,Modern Painters — Of Truth of Water (selected),"Marcus Aurelius — Meditations, Book I; Marcus Aurelius — Meditations, Book IV; Marcus Aurelius — Meditations, Book VII"
https://www.gutenberg.org/ebooks/1597,20,Andersen's Fairy Tales,H. C. Andersen,200,200,The Steadfast Tin Soldier; The Ugly Duckling; Thumbelina,The Emperor's New Clothes; The Little Match Girl; The Nightingale; The Snow Queen (tale)
https://www.gutenberg.org/ebooks/160,9,"The Awakening, and Selected Short Stories",Kate Chopin,200,200,Regret (Chopin); The Storm; The Story of an Hour,A Pair of Silk Stockings; Désirée's Baby
https://www.gutenberg.org/ebooks/1600,2,Symposium,Plato,200,200,,Symposium (selected speeches)
https://www.gutenberg.org/ebooks/16209,23,Lectures on the English Poets; Delivered at the Surrey Institution,William Hazlitt,200,200,My First Acquaintance with Poets; On Actors and Acting; On Familiar Style; On Going a Journey; On Gusto; On Living to One's-Self; On Paradox and Common-Place; On People with One Idea; On Reading Old Books; On Thought and Action; On Wit and Humour; On a Landscape of Nicolas Poussin; On the Fear of Death; On the Ignorance of the Learned; On the Pleasure of Hating; The Fight; The Indian Jugglers; Why Distant Objects Please,Mr. Wordsworth
https://www.gutenberg.org/ebooks/1636,2,Phaedrus,Plato,200,200,Crito,
https://www.gutenberg.org/ebooks/1637,3,Sanitary and Social Lectures and Essays,Charles Kingsley,200,200,Caliban upon Setebos; Fra Lippo Lippi (excerpt),
https://www.gutenberg.org/ebooks/1656,1,Apology,Plato,200,200,Apology (of Socrates),
https://www.gutenberg.org/ebooks/1658,1,Phaedo,Plato,200,200,Phaedo (selected),
https://www.gutenberg.org/ebooks/1661,17,The Adventures of Sherlock Holmes,Arthur Conan Doyle,200,200,,A Scandal in Bohemia; The Adventure of the Beryl Coronet; The Adventure of the Copper Beeches; The Adventure of the Engineer's Thumb; The Adventure of the Noble Bachelor; The Blue Carbuncle; The Man with the Twisted Lip; The Red-Headed League; The Speckled Band
https://www.gutenberg.org/ebooks/16622,2,Literary Hearthstones of Dixie,La Salle Corbell Pickett,200,200,A Voyage Round the World — Anson (selected chapter),
https://www.gutenberg.org/ebooks/16643,81,Essays by Ralph Waldo Emerson,Ralph Waldo Emerson,200,200,"Art; Circles; Discipline (from Nature); Gifts; Goethe; or, the Writer; Heroism; History; Lecture on the Times; Literary Ethics; Love; Man the Reformer; Montaigne; or, the Skeptic; Napoleon; or, the Man of the World; Nature (book, selected chapter as essay); Nature (essay); New England Reformers; Nominalist and Realist; Plato; or, the Philosopher; Prospects (from Nature); Spirit (from Nature); Spiritual Laws; Swedenborg; or, the Mystic; The Conservative; The Divinity School Address; The Transcendentalist","Character; Commodity; Compensation; Conduct of Life — Beauty; Conduct of Life — Behavior; Conduct of Life — Considerations by the Way; Conduct of Life — Culture; Conduct of Life — Fate; Conduct of Life — Illusions; Conduct of Life — Power; Conduct of Life — Wealth; Conduct of Life — Worship; English Traits — Ability; English Traits — Aristocracy; English Traits — Character; English Traits — Cockayne; English Traits — First Visit to England; English Traits — Land; English Traits — Literature; English Traits — Manners; English Traits — Religion; English Traits — The Times; English Traits — Truth; English Traits — Universities; English Traits — Wealth; Experience; Idealism (from Nature); Intellect; Language (from Nature); Politics; Prudence; Representative Men — Uses of Great Men; Self-Reliance; Shakespeare; or, the Poet; The American Scholar; The Over-Soul"
https://www.gutenberg.org/ebooks/16728,2,A Catechism of Familiar Things;,Anonymous,200,200,Wanderings in South America — Selected chapter,
https://www.gutenberg.org/ebooks/16769,10,Orthodoxy,G. K. Chesterton,200,200,,Orthodoxy — Authority and the Adventurer; Orthodoxy — Chapter I: Introduction in Defence of Everything Else; Orthodoxy — The Eternal Revolution; Orthodoxy — The Flag of the World; Orthodoxy — The Paradoxes of Christianity; Orthodoxy — The Romance of Orthodoxy; Orthodoxy — The Suicide of Thought
https://www.gutenberg.org/ebooks/16786,2,"The World's Best Poetry, Volume 03: Sorrow and Consolation",,200,200,Lermontov — The Sail (tr.),
https://www.gutenberg.org/ebooks/16927,2,"Tacitus: The Histories, Volumes I and II",Cornelius Tacitus,200,200,,"The Histories — Tacitus, Book I opening"
https://www.gutenberg.org/ebooks/1719,2,The Ballad of the White Horse,G. K. Chesterton,200,200,,The Ballad of the White Horse (excerpt)
https://www.gutenberg.org/ebooks/1727,2,The Odyssey,Homer,200,200,,"The Odyssey — Book I (tr. Butler, opening)"
https://www.gutenberg.org/ebooks/1733,6,The Red Cross Girl,Richard Harding Davis,200,200,Nevsky Prospect; The Diary of a Madman; The Overcoat,The Nose
https://www.gutenberg.org/ebooks/17384,2,,,404,200,The Foundations of Geometry (selected popular),
https://www.gutenberg.org/ebooks/17611,2,"Summa Theologica, Part I (Prima Pars)",Saint Aquinas Thomas,200,200,,Summa Theologica — On the Existence of God (Five Ways); Summa Theologica — Question 1 (Nature of Sacred Doctrine)
https://www.gutenberg.org/ebooks/17650,3,"The sonnets, triumphs, and other poems of Petrarch",Francesco Petrarca,200,200,Petrarch — Sonnet 61 (tr.); Petrarch — Sonnet 90 (tr.),
https://www.gutenberg.org/ebooks/17698,4,Bella Donna: A Novel,Robert Hichens,200,200,Literature and Science; The Function of Criticism at the Present Time; The Study of Poetry,
https://www.gutenberg.org/ebooks/1774,3,Love's Labour's Lost,William Shakespeare,200,200,An Outpost of Progress; The Lagoon,
https://www.gutenberg.org/ebooks/1834,2,The Case of the Pocket Diary Found in the Snow,Auguste Groner,200,200,The Deserted Village (excerpt),
https://www.gutenberg.org/ebooks/1852,1,Lucile,Earl of Edward Robert Bulwer Lytton Lytton,200,200,Journal of the First Voyage — Columbus (selected),
https://www.gutenberg.org/ebooks/18814,3,The Mercenaries,H. Beam Piper,200,200,Catullus 5 (Vivamus mea Lesbia); Catullus 85 (Odi et amo),
https://www.gutenberg.org/ebooks/19,2,The Song of Hiawatha,Henry Wadsworth Longfellow,200,200,,Song of Hiawatha — Introduction
https://www.gutenberg.org/ebooks/19355,3,A Book of Prefaces,H. L. Mencken,200,200,,A Book of Prefaces — Conrad; A Book of Prefaces — Dreiser
https://www.gutenberg.org/ebooks/1941,1,Letters of Two Brides,Honoré de Balzac,200,200,Everyman (morality play excerpt as poem),
https://www.gutenberg.org/ebooks/1952,4,The Yellow Wallpaper,Charlotte Perkins Gilman,200,200,,The Yellow Wallpaper
https://www.gutenberg.org/ebooks/19606,2,"Illustrated Catalogue of the Collections Obtained from the Pueblos of Zuñi, New Mexico, and Wolpi, Arizona, in 1881",James Stevenson,200,200,The Philosophy of Friedrich Nietzsche — Chapter I,
https://www.gutenberg.org/ebooks/1964,2,,,404,404,,
https://www.gutenberg.org/ebooks/1974,1,The Poetics of Aristotle,Aristotle,200,200,Poetics (complete short treatise),
https://www.gutenberg.org/ebooks/20203,1,Autobiography of Benjamin Franklin,Benjamin Franklin,200,200,The Autobiography of Benjamin Franklin — Part I (selected),
https://www.gutenberg.org/ebooks/204,10,The innocence of Father Brown,G. K. Chesterton,200,200,A Defence of China Shepherdesses; A Defence of Farce; A Defence of Heraldry; A Defence of Humility; A Defence of Nonsense; A Defence of Patriotism; A Defence of Skeletons; A Defence of Ugly Things; A Defence of Useful Information,
https://www.gutenberg.org/ebooks/2040,2,Confessions of an English Opium-Eater,Thomas De Quincey,200,200,,Confessions of an English Opium-Eater — Preliminary Confessions
https://www.gutenberg.org/ebooks/205,24,"Walden, and On The Duty Of Civil Disobedience",Henry David Thoreau,200,200,Economy (Walden); Reading (Walden); Sounds,"Baker Farm; Brute Neighbors; Conclusion (Walden); Former Inhabitants; and Winter Visitors; Higher Laws; House-Warming; Solitude (Walden); Spring (Walden); The Pond in Winter; The Ponds; The Village; Visitors; Where I Lived, and What I Lived For; Winter Animals"
https://www.gutenberg.org/ebooks/21,19,Three hundred Aesop’s fables,Aesop,200,200,The Ant and the Grasshopper; The Boy Who Cried Wolf; The Bundle of Sticks; The Goose That Laid the Golden Eggs; The Tortoise and the Hare,The Fox and the Grapes; The Lion and the Mouse; The North Wind and the Sun; The Town Mouse and the Country Mouse; The Wolf and the Lamb
https://www.gutenberg.org/ebooks/2130,3,Utopia,Saint Thomas More,200,200,Utopia — Book I (selected); Utopia — Book II (selected institutions),
https://www.gutenberg.org/ebooks/2148,3,The Works of Edgar Allan Poe — Volume 2,Edgar Allan Poe,200,200,The Philosophy of Composition; The Poetic Principle,
https://www.gutenberg.org/ebooks/216,4,"The Tao Teh King, or the Tao and its Characteristics",Laozi,200,200,Tao Te Ching — Chapters 11–20 (tr. Legge); Tao Te Ching — Chapters 1–10 (tr. Legge),
https://www.gutenberg.org/ebooks/21700,2,Don Juan,Baron George Gordon Byron Byron,200,200,Don Juan — Canto I (excerpt),
https://www.gutenberg.org/ebooks/2176,4,Seven Discourses on Art,Sir Joshua Reynolds,200,200,Essays on Art — Reynolds Discourse I; Essays on Art — Reynolds Discourse III; Essays on Art — Reynolds Discourse IV,
https://www.gutenberg.org/ebooks/2199,1,The Iliad,Homer,200,200,,"The Iliad — Book I (tr. Butler, opening)"
https://www.gutenberg.org/ebooks/220,1,The Secret Sharer,Joseph Conrad,200,200,,The Secret Sharer
https://www.gutenberg.org/ebooks/2229,3,Faust: Der Tragödie erster Teil,Johann Wolfgang von Goethe,200,200,Goethe — The Erl-King (tr.); Goethe — Wanderer's Nightsong (tr.),
https://www.gutenberg.org/ebooks/224,9,A pair of blue eyes,Thomas Hardy,200,200,"England, My England; Odour of Chrysanthemums; The Horse Dealer's Daughter; The Prussian Officer; The Rocking-Horse Winner",
https://www.gutenberg.org/ebooks/2272,2,The Discovery of Guiana,Walter Raleigh,200,200,,The Discovery of Guiana (selected)
https://www.gutenberg.org/ebooks/228,2,The Aeneid,Virgil,200,200,"Virgil's Aeneid — Book I (tr. Dryden, opening)",
https://www.gutenberg.org/ebooks/2300,1,"The Descent of Man, and Selection in Relation to Sex",Charles Darwin,200,200,,The Descent of Man — Introduction
https://www.gutenberg.org/ebooks/2305,3,A Set of Six,Joseph Conrad,200,200,The Diamond Lens,What Was It?
https://www.gutenberg.org/ebooks/23306,3,Meditationes de prima philosophia,René Descartes,200,200,Meditations on First Philosophy — Meditation I; Meditations on First Philosophy — Meditation II,
https://www.gutenberg.org/ebooks/2332,6,Critical and Historical Essays — Volume 1,Baron Thomas Babington Macaulay Macaulay,200,200,Essay on Bacon; Essay on Clive; Essay on Machiavelli; Essay on Warren Hastings (Part I),Essay on Milton
https://www.gutenberg.org/ebooks/2346,2,The Adventure of the Bruce-Partington Plans,Arthur Conan Doyle,200,200,,The Bruce-Partington Plans
https://www.gutenberg.org/ebooks/236,4,The Jungle Book,Rudyard Kipling,200,200,The Eve of St. Agnes (excerpt),Rikki-Tikki-Tavi; The Jungle Book — Mowgli's Brothers
https://www.gutenberg.org/ebooks/23700,11,The Decameron of Giovanni Boccaccio,Giovanni Boccaccio,200,200,,"The Decameron — Day 1, Story 1; The Decameron — Day 10, Story 10 (Patient Griselda); The Decameron — Day 2, Story 5; The Decameron — Day 3, Story 9; The Decameron — Day 4, Story 1; The Decameron — Day 5, Story 9"
https://www.gutenberg.org/ebooks/23759,5,Sagen van Koning Arthur en de Ridders van de Tafelronde,Nelly Montijn-de Fouw,200,200,Seneca — Moral Letters — Letter 1; Seneca — Moral Letters — Letter 2; Seneca — Moral Letters — Letter 47 (On Master and Slave),
https://www.gutenberg.org/ebooks/2383,8,"The Canterbury Tales, and Other Poems",Geoffrey Chaucer,200,200,,The Canterbury Tales — General Prologue (opening); The Nun's Priest's Tale; The Pardoner's Tale (as framed tale); The Wife of Bath's Tale
https://www.gutenberg.org/ebooks/2388,2,"The Song Celestial; Or, Bhagavad-Gîtâ (from the Mahâbhârata)",,200,200,,The Bhagavad Gita — Chapter 11 (tr. Arnold); The Bhagavad Gita — Chapter 2 (tr. Arnold)
https://www.gutenberg.org/ebooks/2428,1,An Essay on Man; Moral Essays and Satires,Alexander Pope,200,200,,An Essay on Man — Epistle I (excerpt)
https://www.gutenberg.org/ebooks/24280,1,Endymion: A Poetic Romance,John Keats,200,200,Endymion — A thing of beauty (opening),
https://www.gutenberg.org/ebooks/2439,1,"The History of England, from the Accession of James II — Volume 2",Baron Thomas Babington Macaulay Macaulay,200,200,,"The History of England — Macaulay, Chapter I opening"
https://www.gutenberg.org/ebooks/246,3,The Rubaiyat of Omar Khayyam,Omar Khayyam,200,200,,The Rubáiyát of Omar Khayyám (quatrains 1–12); The Rubáiyát — selected as narrative vignette night
https://www.gutenberg.org/ebooks/25326,5,"Lives of the Most Eminent Painters Sculptors and Architects, Vol. 01 (of 10)",Giorgio Vasari,200,200,Lives of the Artists — Michelangelo (selected); Lives of the Artists — Raphael (selected),Lives of the Artists — Leonardo da Vinci
https://www.gutenberg.org/ebooks/25717,6,The History of the Decline and Fall of the Roman Empire,Edward Gibbon,200,200,,The Decline and Fall — Chapter I (Extent of Empire); The Decline and Fall — Chapter XLIV (Roman Jurisprudence); The Decline and Fall — Chapter XV (Progress of Christianity); The Decline and Fall — Chapter XVI (Conduct toward Christians)
https://www.gutenberg.org/ebooks/26,1,Paradise Lost,John Milton,200,200,,Paradise Lost — Book I opening
https://www.gutenberg.org/ebooks/2690,2,Coral Reefs,Charles Darwin,200,200,The Art of Fiction; The Art of Fiction (Besant lecture response context),
https://www.gutenberg.org/ebooks/2707,2,The History of Herodotus — Volume 1,Herodotus,200,200,,"Histories — Herodotus, Battle of Thermopylae"
https://www.gutenberg.org/ebooks/27553,6,Lord John Russell,Stuart J. Reid,200,200,A Simple Heart; Hérodias; The Legend of Saint Julian the Hospitaller,
https://www.gutenberg.org/ebooks/2776,16,The Four Million,O. Henry,200,200,A Retrieved Reformation; The Last Leaf,After Twenty Years; Mammon and the Archer; Springtime à la Carte; The Cop and the Anthem; The Furnished Room; The Gift of the Magi; The Skylight Room
https://www.gutenberg.org/ebooks/2777,2,Cabbages and Kings,O. Henry,200,200,The Ransom of Red Chief,
https://www.gutenberg.org/ebooks/28020,1,"History of Woman Suffrage, Volume I",,200,200,The Insect World — Selected chapter,
https://www.gutenberg.org/ebooks/2814,29,Dubliners,James Joyce,200,200,Araby; Clay; Eveline; Grace,A Little Cloud; A Mother; A Painful Case; After the Race; An Encounter; Counterparts; Ivy Day in the Committee Room; The Boarding House; The Dead; The Sisters; Two Gallants
https://www.gutenberg.org/ebooks/2818,16,Beautiful Joe: An Autobiography,Marshall Saunders,200,200,"Baa Baa, Black Sheep; Beyond the Pale; Lispeth; The Gate of the Hundred Sorrows; The Mark of the Beast; They; Without Benefit of Clergy",
https://www.gutenberg.org/ebooks/29225,2,The Battle of Bunkers-Hill,H. H. Brackenridge,200,200,Imitation of Christ — Book I selections; Imitation of Christ — Book II selections,
https://www.gutenberg.org/ebooks/29345,71,Mountain Interval,Robert Frost,200,200,"A Boundless Moment; A Dream Pang; A Hundred Collars; A Late Walk; A Line-Storm Song; A Prayer in Spring; A Servant to Servants; After Apple-Picking; Blueberries; Flower-Gathering; Going for Water; Good Hours; Good-bye and Keep Cold; Home Burial; In Hardwood Groves; In Neglect; In a Vale; Mowing; My November Guest; Now Close the Windows; October; Out, Out—; Pan with Us; Revelation; Rose Pogonias; Stars; Storm Fear; The Black Cottage; The Code; The Demiurge's Laugh; The Fear; The Tuft of Flowers; The Vantage Point; The Wood-Pile; To the Thawing Wind; Two Look at Two; Waiting; Wind and Window Flower",A Girl's Garden; Bond and Free; Hyla Brook; The Hill Wife; The Oven Bird; The Pasture; The Sound of the Trees
https://www.gutenberg.org/ebooks/2941,9,The Chinese Classics — Prolegomena,,200,200,A Liberal Education; and Where to Find It; Agnosticism; On a Piece of Chalk; Science and Culture; The Method of Scientific Investigation,
https://www.gutenberg.org/ebooks/30070,1,Bom-senso e bom-gosto,Antero de Quental,200,200,Incidents of Travel in Yucatan — Chapter I,
https://www.gutenberg.org/ebooks/30107,2,Principles of Political Economy,John Stuart Mill,200,200,,Principles of Political Economy — Preliminary Remarks
https://www.gutenberg.org/ebooks/3026,2,North of Boston,Robert Frost,200,200,Snow-Bound (excerpt),
https://www.gutenberg.org/ebooks/30707,2,Cyrus the Great,Jacob Abbott,200,200,The Stones of Venice — The Nature of Gothic,
https://www.gutenberg.org/ebooks/3090,287,Complete Original Short Stories of Guy De Maupassant,Guy de Maupassant,200,200,A Duel; After; At Sea; Bertha; Coco; Denis; Martine; Minuet; Misti; Moiron; Pierrot; Rose; The Horla (The Trip of Le Horla); The Horla (alt. reading); The Inn; The Log; The Son,"A Country Excursion; A Coup d'État; A Coward; A Cremation; A Family; A Family Affair; A Father's Confession; A Humble Drama; A Meeting; A Mother of Monsters; A New Year's Gift; A Normandy Joke; A Parricide; A Portrait; A Queer Night in Paris; A Recollection; A Sister's Confession; A Stroll; A Tress of Hair; A Vagabond; A Vendetta; A Wedding Gift; Abandoned; Alexandre; All Over; An Artifice; An Uncomfortable Bed; Belhomme's Beast; Beside Schopenhauer's Corpse; Boitelle; Boule de Suif; Clair de Lune; Clochette; Dead Woman's Secret; Discovery; Epiphany; Father Matthew; Father Milon; Forgiveness; Found on a Drowned Man; Friend Joseph; Friend Patience; His Avenger; In the Spring; In the Wood; Indiscretion; Julie Romain; Lasting Love; Legend of Mont St. Michel; Lieutenant Lare's Marriage; Little Louise Roque; Madame Baptiste; Madame Hermet; Madame Parisse; Mademoiselle Cocotte; Mademoiselle Fifi; Mademoiselle Pearl; Magnetism; Miss Harriet; Monsieur Parent; Moonlight; Mother Sauvage; Mother and Son; My Twenty-Five Days; My Uncle Jules; My Uncle Sosthenes; Old Amable; Old Judas; Old Mongilet; On the River; Our Letters; Queen Hortense; Rosalie Prudent; Saint Anthony; Simon's Papa; Suicides; Sundays of a Bourgeois; That Costly Ride; That Pig of a Morin; The Accursed Bread; The Adopted Son; The Apparition; The Baroness; The Beggar; The Child; The Christening; The Colonel's Ideas; The Confession; The Corsican Bandit; The Cripple; The Diary of a Madman; The Dispenser of Holy Water; The Door; The Dowry; The Drunkard; The Englishman of Etretat; The False Gems; The Farmer's Wife; The Father; The First Snowfall; The Fishing Hole; The Gamekeeper; The Hand; The Horrible; The Impolite Sex; The Kiss; The Lancer's Wife; The Legion of Honor; The Little Cask; The Love of Long Ago; The Magic Couch; The Marquis de Fumerol; The Mask; The Model; The Moribund; The Mountain Pool; The Necklace (The Diamond Necklace); The Orphan; The Parrot; The Patron; The Penguins' Rock; The Piece of String; The Prisoners; The Question of Latin; The Rabbit; The Relic; The Rondoli Sisters; The Snipe; The Spasm; The Story of a Farm Girl; The Terror; The Test; The Thief; The Umbrella; The Wardrobe; The Will; The Wolf; The Wreck; The Wrong House; Theodule Sabot's Confession; Timbuctoo; Tombstones; Two Friends; Two Little Soldiers; Useless Beauty; Waiter, a Bock; Yvette Samoris"
https://www.gutenberg.org/ebooks/3174,2,A Dog's Tale,Mark Twain,200,200,Was It Heaven? Or Hell?,
https://www.gutenberg.org/ebooks/3177,2,Roughing It,Mark Twain,200,200,"The £1,000,000 Bank-Note",
https://www.gutenberg.org/ebooks/3178,2,The Gilded Age: A Tale of Today,Mark Twain,200,200,A Curious Experience,
https://www.gutenberg.org/ebooks/3180,2,A Double Barrelled Detective Story,Mark Twain,200,200,The Stolen White Elephant,
https://www.gutenberg.org/ebooks/3207,5,Leviathan,Thomas Hobbes,200,200,,Leviathan — Introduction & Part I Ch. 1–3; Leviathan — Of the Causes of a Commonwealth; Leviathan — Of the Natural Condition of Mankind
https://www.gutenberg.org/ebooks/3251,1,"The Man That Corrupted Hadleyburg, and Other Stories",Mark Twain,200,200,,The Man That Corrupted Hadleyburg
https://www.gutenberg.org/ebooks/3296,5,The Confessions of St. Augustine,Saint of Hippo Augustine,200,200,,Confessions — Book I; Confessions — Book II; Confessions — Book VIII; Confessions — Book X
https://www.gutenberg.org/ebooks/3300,8,An Inquiry into the Nature and Causes of the Wealth of Nations,Adam Smith,200,200,,The Wealth of Nations — Introduction; The Wealth of Nations — Of Systems of Political Economy (excerpt); The Wealth of Nations — Of Wages of Labour; The Wealth of Nations — Of the Accumulation of Capital; The Wealth of Nations — Of the Division of Labour; The Wealth of Nations — Of the Principle which gives occasion to the Division of Labour
https://www.gutenberg.org/ebooks/33128,1,A Collection of Gospel Hymns in Ojibway and English,Anonymous,200,200,Incidents of Travel in Central America — Chapter I,
https://www.gutenberg.org/ebooks/3330,1,The Analects of Confucius (from the Chinese Classics),Confucius,200,200,,Confucian Analects — Book I (tr. Legge)
https://www.gutenberg.org/ebooks/33310,2,"On The Principles of Political Economy, and Taxation",David Ricardo,200,200,,On the Principles of Political Economy — Chapter I
https://www.gutenberg.org/ebooks/3435,7,The Book of the Thousand Nights and a Night — Volume 01 (of 10),,200,200,Aladdin and the Wonderful Lamp; Ali Baba and the Forty Thieves; Sindbad the Sailor — First Voyage; The Story of the Fisherman,The Three Apples
https://www.gutenberg.org/ebooks/346,13,"The Troll Garden, and Selected Stories",Willa Cather,200,200,A Plea for Gas Lamps; Aes Triplex; An Apology for Idlers; Child's Play; Crabbed Age and Youth; Ordered South; Pan's Pipes; Talks and Talkers; The English Admirals; Virginibus Puerisque; Walking Tours,
https://www.gutenberg.org/ebooks/34901,7,On Liberty,John Stuart Mill,200,200,,On Liberty — Chapter I: Introductory; On Liberty — Chapter II: Of the Liberty of Thought and Discussion; On Liberty — Chapter III: Of Individuality; On Liberty — Chapter IV: Of the Limits to the Authority of Society; On Liberty — Chapter V: Applications
https://www.gutenberg.org/ebooks/35,2,The Time Machine,H. G. Wells,200,200,,The Time Machine (short extract — opening as tale)
https://www.gutenberg.org/ebooks/351,1,Of Human Bondage,W. Somerset Maugham,200,200,Jenny (excerpt),
https://www.gutenberg.org/ebooks/35898,3,The Seven Lamps of Architecture,John Ruskin,200,200,,The Seven Lamps of Architecture — The Lamp of Sacrifice; The Seven Lamps of Architecture — The Lamp of Truth
https://www.gutenberg.org/ebooks/36,2,The war of the worlds,H. G. Wells,200,200,,"The War of the Worlds — Book I, Ch. 1 as tale"
https://www.gutenberg.org/ebooks/3600,123,Essays of Michel de Montaigne — Complete,Michel de Montaigne,200,200,Essays — Of Cannibals companion: Montaigne already listed; Of age; Of fear; Of sadness; Of the inconsistency of our actions; Whether the governor of a place ought to go out to parley,"A consideration upon Cicero; A custom of the Isle of Cea; A proceeding of some ambassadors; Against idleness; All things have their season; Cowardice the mother of cruelty; Defence of Seneca and Plutarch; Nine and twenty sonnets of Estienne de la Boetie; Not to communicate a man's honour; Not to counterfeit being sick; Observation on the means to carry on a war; Of Cato the Younger; Of Democritus and Heraclitus; Of a monstrous child; Of a saying of Caesar; Of ancient customs; Of cannibals; Of coaches; Of conscience; Of constancy; Of cripples; Of custom; Of diversion; Of drunkenness; Of experience; Of friendship; Of giving the lie; Of idleness; Of ill means employed to a good end; Of liars; Of liberty of conscience; Of managing the will; Of moderation; Of names; Of one defect in our government; Of pedantry; Of physiognomy; Of posting; Of prayers; Of prognostications; Of quick or slow speech; Of repentance; Of sleep; Of smells; Of solitude; Of sumptuary laws; Of the Roman grandeur; Of the art of conference; Of the battle of Dreux; Of the custom of wearing clothes; Of the education of children; Of the force of imagination; Of the inconstancy of our actions; Of the inconvenience of greatness; Of the inequality amongst us; Of the most excellent men; Of the parsimony of the Ancients; Of the punishment of cowardice; Of the resemblance of children to their fathers; Of the uncertainty of our judgment; Of the vanity of words; Of three commerces; Of three good women; Of thumbs; Of vanity; Of virtue; Of war horses, or Destriers; Our affections carry themselves beyond us; That a man is soberly to judge of the divine ordinances; That fortune is oftentimes observed; That it is folly to measure truth and error by our own capacity; That men are justly punished for being obstinate; That men are not to judge of our happiness till after death; That men by various ways arrive at the same end; That the hour of parley is dangerous; That the intention is judge of our actions; That the profit of one man is the damage of another; That the relish of good and evil depends; That the soul discharges her passions upon false objects; That to study philosophy is to learn to die; That we are to avoid pleasures, even at the expense of life; That we laugh and cry for the same thing; That we taste nothing pure; The ceremony of the interview of princes; The story of Spurina; To-morrow's a new day; Upon some verses of Virgil; Various events from the same counsel"
https://www.gutenberg.org/ebooks/36034,6,"White nights, and other stories",Fyodor Dostoyevsky,200,200,A Gentle Creature; Bobok; The Dream of a Ridiculous Man,An Honest Thief; White Nights
https://www.gutenberg.org/ebooks/36098,5,The Flowers of Evil,Charles Baudelaire,200,200,,Baudelaire — Correspondences (tr.); Baudelaire — Invitation to the Voyage (tr.); Baudelaire — The Albatross (tr.)
https://www.gutenberg.org/ebooks/36541,1,"Unto This Last, and Other Essays on Political Economy",John Ruskin,200,200,,Unto This Last — Essay I
https://www.gutenberg.org/ebooks/373,10,"Lay Morals, and Other Papers",Robert Louis Stevenson,200,200,A Lodging for the Night; Markheim; The Body Snatcher; The Bottle Imp; The Sire de Malétroit's Door; Thrawn Janet,
https://www.gutenberg.org/ebooks/3741,2,The Writings of Thomas Paine — Volume 1 (1774-1779): The American Crisis,Thomas Paine,200,200,,The Crisis — Number I (These are the times)
https://www.gutenberg.org/ebooks/37478,2,The Prose Writings of Heinrich Heine,Heinrich Heine,200,200,Heine — Lorelei (tr.),
https://www.gutenberg.org/ebooks/375,11,An Occurrence at Owl Creek Bridge,Ambrose Bierce,200,200,A Horseman in the Sky; Chickamauga; Oil of Dog; The Boarded Window; The Damned Thing,An Occurrence at Owl Creek Bridge
https://www.gutenberg.org/ebooks/3800,2,Ethics,Benedictus de Spinoza,200,200,Ethics — Part I (Of God) selected propositions; Ethics — Part V (Of Human Freedom) selected,
https://www.gutenberg.org/ebooks/3835,3,Correspondence of Wagner and Liszt — Volume 1,Richard Wagner,200,200,"Ecclesiastical History — Bede, Book I (selected); Ecclesiastical History — Bede, Conversion of Edwin",
https://www.gutenberg.org/ebooks/389,4,The Great God Pan,Arthur Machen,200,200,The White People,"The Great God Pan (novella, excerpt as tale)"
https://www.gutenberg.org/ebooks/391,2,The Song of Roland,,200,200,Sappho — Fragment 31 (tr.),
https://www.gutenberg.org/ebooks/396,4,"The Lady, or the Tiger?",Frank R. Stockton,200,200,The Discourager of Hesitancy,"The Lady, or the Tiger?"
https://www.gutenberg.org/ebooks/39933,2,The Amazing Inheritance,Frances R. Sterrett,200,200,Animal Intelligence — Selected essay,
https://www.gutenberg.org/ebooks/41,7,The Legend of Sleepy Hollow,Washington Irving,200,200,Rip Van Winkle; The Adventure of the German Student; The Spectre Bridegroom,The Legend of Sleepy Hollow
https://www.gutenberg.org/ebooks/4212,1,Culture and Anarchy,Matthew Arnold,200,200,,Culture and Anarchy — Sweetness and Light
https://www.gutenberg.org/ebooks/4239,2,An Essay on the Principle of Population,T. R. Malthus,200,200,,Essay on the Principle of Population — Chapter I; Essay on the Principle of Population — Chapter II
https://www.gutenberg.org/ebooks/4280,1,The Critique of Pure Reason,Immanuel Kant,200,200,,Critique of Pure Reason — Prefaces (selected)
https://www.gutenberg.org/ebooks/43,1,The strange case of Dr. Jekyll and Mr. Hyde,Robert Louis Stevenson,200,200,,The Strange Case of Dr Jekyll and Mr Hyde (novella)
https://www.gutenberg.org/ebooks/436,2,The Master Key,L. Frank Baum,200,200,Piers Plowman — Prologue (excerpt),
https://www.gutenberg.org/ebooks/443,8,The Love Affairs of a Bibliomaniac,Eugene Field,200,200,An Experiment in Misery; The Blue Hotel; The Bride Comes to Yellow Sky; The Open Boat,
https://www.gutenberg.org/ebooks/45001,3,Institutes of the Christian Religion (Vol. 1 of 2),Jean Calvin,200,200,,Institutes of the Christian Religion — Prefatory Address; Institutes — Book I Chapter 1
https://www.gutenberg.org/ebooks/45109,1,The Enchiridion,Epictetus,200,200,,Epictetus — Enchiridion
https://www.gutenberg.org/ebooks/4517,12,Ethan Frome,Edith Wharton,200,200,Kerfol; Roman Fever; The Other Two; Xingu,Afterward; Ethan Frome (novella); The Eyes
https://www.gutenberg.org/ebooks/45304,3,"The City of God, Volume I",Saint of Hippo Augustine,200,200,,City of God — Book I (selected); City of God — Book XIX (selected)
https://www.gutenberg.org/ebooks/46,2,A Christmas Carol in Prose; Being a Ghost Story of Christmas,Charles Dickens,200,200,,A Christmas Carol (novella)
https://www.gutenberg.org/ebooks/4705,1,A Treatise of Human Nature,David Hume,200,200,,A Treatise of Human Nature — Introduction
https://www.gutenberg.org/ebooks/4707,11,The Valley of Silent Men: A Story of the Three River Country,James Oliver Curwood,200,200,Heretics — Concluding Remarks on the Importance of Orthodoxy; Heretics — Introductory Remarks; Heretics — Mr. Bernard Shaw; Heretics — On Certain Modern Writers and the Institution of the Family; Heretics — On Mr. Rudyard Kipling; Heretics — On the Negative Spirit; Heretics — On the Wit of Whistler; Heretics — The Fallacy of the Young Nation,
https://www.gutenberg.org/ebooks/47549,2,Bonnie Scotland,A. R. Hope Moncrieff,200,200,The Book of Common Prayer — Prefaces & selected collects,
https://www.gutenberg.org/ebooks/4800,2,The Complete Poetical Works of Percy Bysshe Shelley — Complete,Percy Bysshe Shelley,200,200,Adonais (excerpt),
https://www.gutenberg.org/ebooks/49151,2,"The New England Historical & Genealogical Register, Vol. 1, No. 1, January 1847",Various,200,200,Nineveh and Its Remains — Selected chapter,
https://www.gutenberg.org/ebooks/4943,2,The River War: An Account of the Reconquest of the Sudan,Winston Churchill,200,200,,The River War — Chapter I (The Rebel of the Soudan)
https://www.gutenberg.org/ebooks/5001,6,,,404,200,Relativity — General Theory (selected opening); Relativity — The Lorentz Transformation; Relativity — The Relativity of Simultaneity; Relativity: The Special and General Theory — Part I Ch. 1–3,
https://www.gutenberg.org/ebooks/5096,2,Vingt Mille Lieues Sous Les Mers — Part 2,Jules Verne,200,200,Lives of the Poets — Dryden (excerpt); Lives of the Poets — Milton (excerpt),
https://www.gutenberg.org/ebooks/512,14,Mosses from an old manse,Nathaniel Hawthorne,200,200,Dr. Heidegger's Experiment; Ethan Brand; The Ambitious Guest; The Minister's Black Veil; Wakefield,Rappaccini's Daughter; The Birthmark; Young Goodman Brown
https://www.gutenberg.org/ebooks/5131,2,Childe Harold's Pilgrimage,Baron George Gordon Byron Byron,200,200,,Childe Harold's Pilgrimage — Canto III (excerpt)
https://www.gutenberg.org/ebooks/5200,10,Metamorphosis,Franz Kafka,200,200,A Hunger Artist; A Report to an Academy; Before the Law; In the Penal Colony; The Judgment; The Metamorphosis,
https://www.gutenberg.org/ebooks/5230,1,The Invisible Man: A Grotesque Romance,H. G. Wells,200,200,,The Invisible Man (short extract night — first chapters as tale)
https://www.gutenberg.org/ebooks/525,3,"Youth, a Narrative",Joseph Conrad,200,200,Amy Foster; Youth,
https://www.gutenberg.org/ebooks/5280,1,Tales and Novels of J. de La Fontaine — Volume 06,Jean de La Fontaine,200,200,The Naturalist on the River Amazons — Chapter I,
https://www.gutenberg.org/ebooks/5314,7,Household Tales by Brothers Grimm,Jacob Grimm,200,200,The Twelve Dancing Princesses,Hansel and Gretel; Rapunzel; Rumpelstiltskin; The Fisherman and His Wife
https://www.gutenberg.org/ebooks/5428,1,A Defence of Poetry and Other Essays,Percy Bysshe Shelley,200,200,,A Defence of Poetry
https://www.gutenberg.org/ebooks/5429,1,Preface to Shakespeare,Samuel Johnson,200,200,,Preface to Shakespeare
https://www.gutenberg.org/ebooks/54315,1,Cardiff: A Sketch-Book,D. S. Andrews,200,200,Troy and Its Remains — Selected chapter,
https://www.gutenberg.org/ebooks/550,13,Silas Marner,George Eliot,200,200,Pushkin — I Loved You (tr.); Pushkin — The Prophet (tr.); The Blizzard; The Peasant Gentlewoman; The Queen of Spades; The Shot; The Stationmaster; The Undertaker,
https://www.gutenberg.org/ebooks/5682,1,Fundamental Principles of the Metaphysic of Morals,Immanuel Kant,200,200,,Fundamental Principles of the Metaphysic of Morals — Preface & Section I
https://www.gutenberg.org/ebooks/57333,173,Project Gutenberg Compilation of Short Stories by Chekhov,Anton Pavlovich Chekhov,200,200,Agafya; An Anonymous Story; Anyuta; Ariadne; At Home; Boys; Enemies; Grisha; Home; Ionych; Misery (Vanka's companion piece); My Life; Old Age; Sleepy; Surgery; Terror; The Artist's Story; The Bet; The Black Monk; The Lady with the Dog; The Malefactor; Vanka; Volodya,A Chameleon; A Day in the Country; A Defenceless Creature; A Dreary Story; A Misfortune; A Mystery; A Nervous Breakdown; A Peculiar Man; A Trifle from Life; A Work of Art; About Love; Anna on the Neck; At a Country House; Darkness; Excellent People; From the Diary of a Violent-Tempered Man; Gooseberries; In Exile; In the Court; In the Dark; In the Ravine; Neighbours; On Official Duty; Peasant Wives; Peasants; Rothschild's Fiddle; Shrove Tuesday; Strong Impressions; The Album; The Beauties; The Beggar; The Bishop; The Cattle-Dealers; The Chorus Girl; The Cook's Wedding; The Darling; The Death of a Government Clerk; The Duel; The Examining Magistrate; The Grasshopper; The Head-Gardener's Story; The Helpmate; The Horse-Stealers; The House with the Mezzanine; The Husband; The Kiss; The Looking-Glass; The Lottery Ticket; The Man in a Case; The Murder; The Name-Day Party; The New Villa; The Old House; The Orator; The Petchenyeg; The Pipe; The Post; The Princess; The Privy Councillor; The Runaway; The Schoolmistress; The Shoemaker and the Devil; The Steppe; The Student; The Teacher of Literature; The Trousseau; The Wife; The Witch; Three Years; Transgression; Ward No. 6
https://www.gutenberg.org/ebooks/575,79,"The Essays or Counsels, Civil and Moral",Francis Bacon,200,200,Of Envy; Of Honour and Reputation; Of Love,Of Adversity; Of Ambition; Of Anger; Of Atheism; Of Boldness; Of Ceremonies and Respects; Of Counsel; Of Cunning; Of Custom and Education; Of Death; Of Deformity; Of Delays; Of Discourse; Of Dispatch; Of Empire; Of Expense; Of Faction; Of Followers and Friends; Of Fortune; Of Friendship; Of Gardens; Of Goodness and Goodness of Nature; Of Great Place; Of Innovations; Of Judicature; Of Marriage and Single Life; Of Masques and Triumphs; Of Nature in Men; Of Negotiating; Of Nobility; Of Parents and Children; Of Plantations; Of Praise; Of Prophecies; Of Regiment of Health; Of Revenge; Of Riches; Of Seditions and Troubles; Of Seeming Wise; Of Simulation and Dissimulation; Of Studies; Of Suitors; Of Superstition; Of Suspicion; Of Travel; Of Truth; Of Usury; Of Vain-Glory; Of Vicissitude of Things; Of Wisdom for a Man's Self; Of Youth and Age; Of the True Greatness of Kingdoms and Estates
https://www.gutenberg.org/ebooks/5827,1,The Problems of Philosophy,Bertrand Russell,200,200,A Mathematician's Apology — Chapters 1–3,
https://www.gutenberg.org/ebooks/59,2,Discourse on the Method of Rightly Conducting One's Reason and of Seeking Truth in the Sciences,René Descartes,200,200,Discourse on Method — Parts III–IV; Discourse on Method — Parts I–II,
https://www.gutenberg.org/ebooks/608,2,Areopagitica,John Milton,200,200,,Areopagitica (selected)
https://www.gutenberg.org/ebooks/6081,2,Biographia Literaria,Samuel Taylor Coleridge,200,200,,Biographia Literaria — Chapter IV; Biographia Literaria — Chapter XIV
https://www.gutenberg.org/ebooks/610,2,Idylls of the King,Baron Alfred Tennyson Tennyson,200,200,In Memoriam A.H.H. — Prologue / selected sections; Locksley Hall (excerpt),
https://www.gutenberg.org/ebooks/654,2,Grace Abounding to the Chief of Sinners,John Bunyan,200,200,,Grace Abounding (selected)
https://www.gutenberg.org/ebooks/66051,1,The Millbank Case: A Maine Mystery of To-day,George Dyre Eldridge,200,200,The Tale of Genji — Opening poem night,
https://www.gutenberg.org/ebooks/667,2,The Gutenberg Webster's Unabridged Dictionary: Section R,Project Gutenberg,200,200,The Machine Stops,
https://www.gutenberg.org/ebooks/6695,11,Tales of the Jazz Age,F. Scott Fitzgerald,200,200,Bernice Bobs Her Hair; Head and Shoulders; May Day; The Ice Palace; Winter Dreams,The Curious Case of Benjamin Button; The Diamond as Big as the Ritz; The Offshore Pirate
https://www.gutenberg.org/ebooks/674,7,Plutarch: Lives of the noble Grecians and Romans,Plutarch,200,200,,Plutarch's Lives — Alexander (selected); Plutarch's Lives — Caesar (selected); Plutarch's Lives — Lycurgus (selected); Plutarch's Lives — Pericles (selected); Plutarch's Lives — Solon (selected)
https://www.gutenberg.org/ebooks/6762,1,Politics: A Treatise on Government,Aristotle,200,200,Politics — Book I,
https://www.gutenberg.org/ebooks/6797,2,The Poems of Schiller — Suppressed poems,Friedrich Schiller,200,200,Schiller — Ode to Joy (tr.),
https://www.gutenberg.org/ebooks/68283,15,The call of Cthulhu,H. P. Lovecraft,200,200,At the Mountains of Madness (Part I as tale); Dagon; Pickman's Model; The Cats of Ulthar; The Colour Out of Space; The Dunwich Horror; The Music of Erich Zann; The Outsider; The Shadow over Innsmouth (Part I as tale),The Call of Cthulhu
https://www.gutenberg.org/ebooks/71,3,On the Duty of Civil Disobedience,Henry David Thoreau,200,200,Life Without Principle,Civil Disobedience
https://www.gutenberg.org/ebooks/7142,4,The History of the Peloponnesian War,Thucydides,200,200,,History of the Peloponnesian War — Book I opening; History of the Peloponnesian War — Pericles' Funeral Oration; History of the Peloponnesian War — The Melian Dialogue
https://www.gutenberg.org/ebooks/7370,3,Second Treatise of Government,John Locke,200,200,,Second Treatise of Government — Chapters 1–3; Second Treatise of Government — Of Property; Second Treatise of Government — Of the Dissolution of Government
https://www.gutenberg.org/ebooks/7409,2,An Essay on Criticism,Alexander Pope,200,200,,An Essay on Criticism (excerpt: A little learning)
https://www.gutenberg.org/ebooks/7524,4,The Germany and the Agricola of Tacitus,Cornelius Tacitus,200,200,,Agricola (selected); Germania (selected)
https://www.gutenberg.org/ebooks/773,5,"Lord Arthur Savile's Crime; The Portrait of Mr. W.H., and Other Stories",Oscar Wilde,200,200,,Lord Arthur Savile's Crime; The Model Millionaire; The Sphinx Without a Secret
https://www.gutenberg.org/ebooks/8100,2,Reize naar Surinamen en door de binnenste gedeelten van Guiana — Compleet,John Gabriel Stedman,200,200,Captain Cook's Journal — Selected Pacific landing,
https://www.gutenberg.org/ebooks/8145,2,"Life and Times of Washington, Volume 2",John Frederick Schroeder,200,200,Haiku selections — Bashō (tr. Chamberlain et al.); Manyōshū selections (tr.),
https://www.gutenberg.org/ebooks/8147,1,The Man Who Would Be King,Rudyard Kipling,200,200,,The Man Who Would Be King
https://www.gutenberg.org/ebooks/815,13,Democracy in America — Volume 1,Alexis de Tocqueville,200,200,,Democracy in America — Author's Introduction; Democracy in America — Judicial Power; Democracy in America — Necessity of Examining Condition of States; Democracy in America — Origin of the Anglo-Americans; Democracy in America — Political Jurisdiction; Democracy in America — Social Condition of the Anglo-Americans; Democracy in America — The Federal Constitution (selected); Democracy in America — The Sovereignty of the People; Democracy in America — Tyranny of the Majority (selected); Democracy in America — Why Democratic Nations Show Restless Spirit
https://www.gutenberg.org/ebooks/834,1,The Memoirs of Sherlock Holmes,Arthur Conan Doyle,200,200,,The Final Problem
https://www.gutenberg.org/ebooks/8438,2,The Nicomachean ethics of Aristotle,Aristotle,200,200,,Nicomachean Ethics — Book I; Nicomachean Ethics — Book II (Moral Virtue)
https://www.gutenberg.org/ebooks/902,8,"The Happy Prince, and Other Tales",Oscar Wilde,200,200,,The Devoted Friend; The Happy Prince; The Nightingale and the Rose; The Remarkable Rocket; The Selfish Giant
https://www.gutenberg.org/ebooks/910,11,White Fang,Jack London,200,200,All Gold Canyon; The Law of Life; The Red One; The White Silence; To Build a Fire,Love of Life
https://www.gutenberg.org/ebooks/9404,1,The Story of the Malakand Field Force: An Episode of Frontier War,Winston Churchill,200,200,,The Story of the Malakand Field Force — Chapter I
https://www.gutenberg.org/ebooks/944,5,The Voyage of the Beagle,Charles Darwin,200,200,,The Voyage of the Beagle — Chapter I (St. Jago); The Voyage of the Beagle — Galapagos Archipelago; The Voyage of the Beagle — Tierra del Fuego
https://www.gutenberg.org/ebooks/9622,1,"Lyrical Ballads, With a Few Other Poems (1798)",William Wordsworth,200,200,Preface to Lyrical Ballads,
https://www.gutenberg.org/ebooks/9662,6,An Enquiry Concerning Human Understanding,David Hume,200,200,,An Enquiry Concerning Human Understanding — Of Miracles; An Enquiry Concerning Human Understanding — Of the Academical Philosophy; An Enquiry Concerning Human Understanding — Of the Origin of Ideas; An Enquiry Concerning Human Understanding — Section I
https://www.gutenberg.org/ebooks/967,2,Nicholas Nickleby,Charles Dickens,200,200,The Malay Archipelago — Chapter I; The Malay Archipelago — On Birds of Paradise,
https://www.gutenberg.org/ebooks/97,2,Flatland: A Romance of Many Dimensions,Edwin Abbott Abbott,200,200,Flatland — Part I opening as essay-fiction,Flatland — Of the Nature of Flatland
https://www.gutenberg.org/ebooks/9741,3,,,404,200,Seneca — On Anger (Book I selected); Seneca — On Tranquillity of Mind; Seneca — On the Shortness of Life,
https://www.gutenberg.org/ebooks/9800,3,"The Rape of the Lock, and Other Poems",Alexander Pope,200,200,Eloisa to Abelard (excerpt),The Rape of the Lock — Canto I
https://www.gutenberg.org/ebooks/981,12,Beowulf,,200,200,"Beowulf — Opening (tr. Gummere); Caedmon's Hymn; The Battle of Maldon (excerpt, tr.); The Dream of the Rood (tr.); The Seafarer (tr. Pound / traditional); The Wanderer (tr.); Wulf and Eadwacer (tr.)",
https://www.gutenberg.org/ebooks/986,18,Master and Man,graf Leo Tolstoy,200,200,"Alyosha the Pot; God Sees the Truth, But Waits; How Much Land Does a Man Need?; The Coffee-House of Surat; The Death of Ivan Ilyich; The Three Hermits; What Men Live By",Master and Man
https://www.gutenberg.org/files/2147/2147-h/2147-h.htm,69,,,200,200,A Descent into the Maelström; A Tale of Jerusalem; Berenice; Bon-Bon; Eleonora; Hop-Frog; Landor's Cottage; Ligeia; Mesmeric Revelation; Never Bet the Devil Your Head; Silence—A Fable; Some Words with a Mummy; The Assignation; The Cask of Amontillado; The Facts in the Case of M. Valdemar; The Imp of the Perverse; The Man of the Crowd; The Masque of the Red Death; The Pit and the Pendulum; The Spectacles; The Sphinx; The System of Doctor Tarr and Professor Fether; The Thousand-and-Second Tale of Scheherazade; Thou Art the Man; Von Kempelen and His Discovery; Why the Little Frenchman Wears His Hand in a Sling,MS. Found in a Bottle; The Balloon-Hoax; The Black Cat; The Domain of Arnheim; The Fall of the House of Usher; The Gold-Bug; The Island of the Fay; The Murders in the Rue Morgue; The Mystery of Marie Rogêt; The Oval Portrait; The Premature Burial; The Purloined Letter; The Tell-Tale Heart; William Wilson
